label,gloss
0,BASKETBALL1
1,BEE1
2,BELT1
3,BITE1
4,BREAKFAST1
5,CHRISTMAS1
6,DEAF1
7,DEMAND1
8,DOG1
9,EAT1
10,FINE1
11,FOREIGNER1
12,HOSPITAL1
13,MECHANIC1
14,MOVIE1
15,PARTY1
16,PATIENT2
17,ROCKINGCHAIR1
18,SHAVE1
19,WHATFOR1
