index,partition,label,gloss,original_filename
0,train,4,BREAKFAST1,7809503445047001-BREAKFAST.mp4
1,train,8,DOG1,49288220098651747-DOG.mp4
2,train,4,BREAKFAST1,13959766874483237-BREAKFAST.mp4
3,train,8,DOG1,11432147423106453-DOG.mp4
4,train,7,DEMAND1,2889534487412355-DEMAND.mp4
5,train,11,FOREIGNER1,0955181553369353-FOREIGNER.mp4
6,train,4,BREAKFAST1,12841038226728507-BREAKFAST.mp4
7,train,8,DOG1,17777316675017052-DOG.mp4
8,train,19,WHATFOR1,6445331634562388-WHAT FOR.mp4
9,train,7,DEMAND1,21726284787567063-DEMAND.mp4
10,train,11,FOREIGNER1,5632090317291663-FOREIGNER.mp4
11,train,16,PATIENT2,21338949344886227-PATIENT 2.mp4
12,train,2,BELT1,7102622774546783-BELT.mp4
13,train,1,BEE1,6942834524009942-BEE.mp4
14,train,12,HOSPITAL1,7900722949705501-HOSPITAL.mp4
15,train,0,BASKETBALL1,16099487151956193-BASKETBALL.mp4
16,train,10,FINE1,23481071177880364-FINE.mp4
17,train,17,ROCKINGCHAIR1,1420171385528981-ROCKING CHAIR.mp4
18,train,4,BREAKFAST1,9636912643721647-BREAKFAST.mp4
19,train,6,DEAF1,7822434515793355-DEAF.mp4
20,train,5,CHRISTMAS1,39156258358370355-CHRISTMAS.mp4
21,train,8,DOG1,49801930250928317-DOG.mp4
22,train,3,BITE1,971053005591326-BITE.mp4
23,train,5,CHRISTMAS1,053106826215107095-CHRISTMAS.mp4
24,train,13,MECHANIC1,5953206950175787-MECHANIC.mp4
25,train,15,PARTY1,9429370203576863-PARTY.mp4
26,train,3,BITE1,44818013490597974-BITE.mp4
27,train,19,WHATFOR1,0154551425577234-WHAT FOR.mp4
28,train,16,PATIENT2,8229344087589305-PATIENT 2.mp4
29,train,2,BELT1,7844446995930539-BELT.mp4
30,train,19,WHATFOR1,5268072837528903-WHAT FOR.mp4
31,train,9,EAT1,5237431195885818-EAT.mp4
32,train,8,DOG1,8566463345061712-DOG.mp4
33,train,1,BEE1,38648445722197544-BEE.mp4
34,train,13,MECHANIC1,5701936378006789-MECHANIC.mp4
35,train,2,BELT1,48236686990960176-BELT.mp4
36,train,14,MOVIE1,4933951543518236-MOVIE.mp4
37,train,9,EAT1,33555147348315106-EAT.mp4
38,train,18,SHAVE1,39648042077468615-SHAVE.mp4
39,train,16,PATIENT2,3751848542924716-PATIENT 2.mp4
40,train,10,FINE1,6741912564576187-FINE.mp4
41,train,12,HOSPITAL1,9571221473356939-HOSPITAL.mp4
42,train,11,FOREIGNER1,009252570300134266-FOREIGNER.mp4
43,train,14,MOVIE1,8789207848539706-MOVIE.mp4
44,train,7,DEMAND1,2659454950769071-DEMAND.mp4
45,train,6,DEAF1,8003732238675179-DEAF.mp4
46,train,17,ROCKINGCHAIR1,8434418760595921-ROCKING CHAIR.mp4
47,train,15,PARTY1,2219395244374549-PARTY.mp4
48,train,19,WHATFOR1,6363286086951516-WHAT FOR.mp4
49,train,18,SHAVE1,9656887886050163-SHAVE.mp4
50,train,1,BEE1,5099815025891361-BEE.mp4
51,train,1,BEE1,2751615738895319-BEE.mp4
52,train,0,BASKETBALL1,6004944388944689-BASKETBALL.mp4
53,train,12,HOSPITAL1,6865453372883275-HOSPITAL.mp4
54,train,0,BASKETBALL1,5343394629701335-BASKETBALL.mp4
55,train,10,FINE1,7081997886148117-FINE.mp4
56,train,17,ROCKINGCHAIR1,8471757241063476-ROCKING CHAIR.mp4
57,train,4,BREAKFAST1,3253364009512456-BREAKFAST.mp4
58,train,6,DEAF1,07807851209534378-DEAF.mp4
59,train,5,CHRISTMAS1,039484492892392975-CHRISTMAS.mp4
60,train,10,FINE1,9606737155753842-FINE.mp4
61,train,17,ROCKINGCHAIR1,29979456948110217-ROCKING CHAIR.mp4
62,train,4,BREAKFAST1,23598266126803202-BREAKFAST.mp4
63,train,6,DEAF1,14662097708148014-DEAF.mp4
64,train,5,CHRISTMAS1,4258868809320071-CHRISTMAS.mp4
65,train,8,DOG1,5592729674908328-DOG.mp4
66,train,3,BITE1,9595255203933857-BITE.mp4
67,train,5,CHRISTMAS1,34643685207865804-CHRISTMAS.mp4
68,train,13,MECHANIC1,6748150903389767-MECHANIC.mp4
69,train,15,PARTY1,880350293979757-PARTY.mp4
70,train,8,DOG1,06960268077531429-DOG.mp4
71,train,3,BITE1,665146404453939-BITE.mp4
72,train,5,CHRISTMAS1,07089556753815351-CHRISTMAS.mp4
73,train,13,MECHANIC1,8559840912696828-MECHANIC.mp4
74,train,15,PARTY1,9047865551380374-PARTY.mp4
75,train,3,BITE1,6392685968074112-BITE.mp4
76,train,19,WHATFOR1,8639087490010726-WHAT FOR.mp4
77,train,0,BASKETBALL1,26540643811273745-BASKETBALL.mp4
78,train,9,EAT1,3878260902223658-EAT.mp4
79,train,8,DOG1,8742773141210243-DOG.mp4
80,train,1,BEE1,5793822075348691-BEE.mp4
81,train,13,MECHANIC1,4451754011272593-MECHANIC.mp4
82,train,2,BELT1,1672237389327702-BELT.mp4
83,train,14,MOVIE1,5994112703321048-MOVIE.mp4
84,train,9,EAT1,4589443576656864-EAT.mp4
85,train,18,SHAVE1,3035499350705533-SHAVE.mp4
86,train,16,PATIENT2,5781025522650556-PATIENT 2.mp4
87,train,10,FINE1,4326169993763198-FINE.mp4
88,train,12,HOSPITAL1,8512749353267319-HOSPITAL.mp4
89,train,11,FOREIGNER1,8659755342997295-FOREIGNER.mp4
90,train,14,MOVIE1,8843566864261965-MOVIE.mp4
91,train,7,DEMAND1,9409105345475277-DEMAND.mp4
92,train,0,BASKETBALL1,7201139167303696-BASKETBALL.mp4
93,train,6,DEAF1,9833342420720304-DEAF.mp4
94,train,17,ROCKINGCHAIR1,8271264164311205-ROCKING CHAIR.mp4
95,train,15,PARTY1,49302512158389566-PARTY.mp4
96,train,4,BREAKFAST1,7511137065965892-BREAKFAST.mp4
97,train,8,DOG1,8615822021106332-DOG.mp4
98,train,7,DEMAND1,8013864241285453-DEMAND.mp4
99,train,11,FOREIGNER1,4093382044924032-FOREIGNER.mp4
100,train,16,PATIENT2,999099210781961-PATIENT 2.mp4
101,train,2,BELT1,6988945904320409-BELT.mp4
102,train,12,HOSPITAL1,9208583735199847-HOSPITAL.mp4
103,train,0,BASKETBALL1,6993782178496888-BASKETBALL.mp4
104,train,3,BITE1,21452718054280906-BITE.mp4
105,train,19,WHATFOR1,01789094394246238-WHAT FOR.mp4
106,train,18,SHAVE1,09015851628987148-SHAVE.mp4
107,train,13,MECHANIC1,7283627553506011-MECHANIC.mp4
108,train,2,BELT1,8256868559091335-BELT.mp4
109,train,14,MOVIE1,014770041748456197-MOVIE.mp4
110,train,9,EAT1,3407129339550383-EAT.mp4
111,train,18,SHAVE1,6274445274714053-SHAVE.mp4
112,train,16,PATIENT2,6963627116990179-PATIENT 2.mp4
113,train,10,FINE1,4373322507640063-FINE.mp4
114,train,12,HOSPITAL1,5892698339580624-HOSPITAL.mp4
115,train,11,FOREIGNER1,47654404282838847-FOREIGNER.mp4
116,train,19,WHATFOR1,16185522171162914-WHAT FOR.mp4
117,train,18,SHAVE1,11560935788183668-SHAVE.mp4
118,train,19,WHATFOR1,6237575353180616-WHAT FOR.mp4
119,train,16,PATIENT2,7753126798089989-PATIENT 2.mp4
120,train,19,WHATFOR1,4642599331163948-WHAT FOR.mp4
121,train,18,SHAVE1,9503414410661455-SHAVE.mp4
122,train,13,MECHANIC1,5209376155397227-MECHANIC.mp4
123,train,14,MOVIE1,9321058672622045-MOVIE.mp4
124,train,7,DEMAND1,7896700330944251-DEMAND.mp4
125,train,0,BASKETBALL1,4707692122950564-BASKETBALL.mp4
126,train,10,FINE1,8003555877371669-FINE.mp4
127,train,17,ROCKINGCHAIR1,5167876927498722-ROCKING CHAIR.mp4
128,train,4,BREAKFAST1,8518237171580363-BREAKFAST.mp4
129,train,6,DEAF1,4153430361974173-DEAF.mp4
130,train,10,FINE1,4320670014874919-FINE.mp4
131,train,17,ROCKINGCHAIR1,8816752882185881-ROCKING CHAIR.mp4
132,train,4,BREAKFAST1,3020133324062588-BREAKFAST.mp4
133,train,6,DEAF1,9899511825675291-DEAF.mp4
134,train,5,CHRISTMAS1,06683618824707782-CHRISTMAS.mp4
135,train,8,DOG1,026269589574182683-DOG.mp4
136,train,3,BITE1,5780599191678353-BITE.mp4
137,train,2,BELT1,23609909148559982-BELT.mp4
138,train,1,BEE1,8528595356812567-BEE.mp4
139,train,12,HOSPITAL1,6939178350263646-HOSPITAL.mp4
140,train,0,BASKETBALL1,06779656223967634-BASKETBALL.mp4
141,train,5,CHRISTMAS1,3446718752533997-CHRISTMAS.mp4
142,train,13,MECHANIC1,01783748895389059-MECHANIC.mp4
143,train,15,PARTY1,4476163900193748-PARTY.mp4
144,train,3,BITE1,9554537508077097-BITE.mp4
145,train,5,CHRISTMAS1,6379969048259-CHRISTMAS.mp4
146,train,13,MECHANIC1,23020749118320083-MECHANIC.mp4
147,train,0,BASKETBALL1,38661684159752396-BASKETBALL.mp4
148,train,9,EAT1,5847293981432022-EAT.mp4
149,train,8,DOG1,07874158333415582-DOG.mp4
150,train,6,DEAF1,41048138699229675-DEAF.mp4
151,train,17,ROCKINGCHAIR1,8789444273286757-ROCKING CHAIR.mp4
152,train,15,PARTY1,5181304306006971-PARTY.mp4
153,train,7,DEMAND1,8976550946721318-DEMAND.mp4
154,train,0,BASKETBALL1,306186249835092-BASKETBALL.mp4
155,train,6,DEAF1,6898724827814644-DEAF.mp4
156,train,15,PARTY1,6174007229065617-PARTY.mp4
157,train,7,DEMAND1,9843084094806342-DEMAND.mp4
158,train,11,FOREIGNER1,9801325496042217-FOREIGNER.mp4
159,train,3,BITE1,8348105576996043-BITE.mp4
160,train,3,BITE1,4076286172592669-BITE.mp4
161,train,19,WHATFOR1,4633823141411624-WHAT FOR.mp4
162,train,7,DEMAND1,23465422742749942-DEMAND.mp4
163,train,16,PATIENT2,18899507600819643-PATIENT 2.mp4
164,train,1,BEE1,2682450733634967-BEE.mp4
165,train,1,BEE1,11711757232107178-BEE.mp4
166,train,12,HOSPITAL1,8903687797420998-HOSPITAL.mp4
167,train,11,FOREIGNER1,14237976705607513-FOREIGNER.mp4
168,train,7,DEMAND1,9413904512602245-DEMAND.mp4
169,train,4,BREAKFAST1,19424238149124262-BREAKFAST.mp4
170,train,9,EAT1,8083635818179542-EAT.mp4
171,train,8,DOG1,3177705074264898-DOG.mp4
172,train,1,BEE1,4996876454480068-BEE.mp4
173,train,18,SHAVE1,5273663135367344-SHAVE.mp4
174,train,13,MECHANIC1,7006076300113806-MECHANIC.mp4
175,train,2,BELT1,7724705500369646-BELT.mp4
176,train,14,MOVIE1,9869837760535278-MOVIE.mp4
177,train,16,PATIENT2,3841139490634713-PATIENT 2.mp4
178,train,10,FINE1,2474722734260606-FINE.mp4
179,train,12,HOSPITAL1,5986181755240401-HOSPITAL.mp4
180,train,11,FOREIGNER1,4498337117179432-FOREIGNER.mp4
181,train,7,DEMAND1,28239255124319085-DEMAND.mp4
182,train,6,DEAF1,5966497138153777-DEAF.mp4
183,train,17,ROCKINGCHAIR1,3346825695027411-ROCKING CHAIR.mp4
184,train,15,PARTY1,662077742279779-PARTY.mp4
185,train,4,BREAKFAST1,28121654798077556-BREAKFAST.mp4
186,train,5,CHRISTMAS1,14386294518453524-CHRISTMAS.mp4
187,train,3,BITE1,6057692249000468-BITE.mp4
188,train,8,DOG1,3250233036968666-DOG.mp4
189,train,18,SHAVE1,4256498922014438-SHAVE.mp4
190,train,9,EAT1,43234510854275543-EAT.mp4
191,train,8,DOG1,30953548448841706-DOG.mp4
192,train,1,BEE1,8698342088354629-BEE.mp4
193,train,18,SHAVE1,4126364508409328-SHAVE.mp4
194,train,13,MECHANIC1,3044178349110944-MECHANIC.mp4
195,train,2,BELT1,24932459512655392-BELT.mp4
196,train,14,MOVIE1,8666592088970226-MOVIE.mp4
197,train,18,SHAVE1,511973028593153-SHAVE.mp4
198,train,13,MECHANIC1,46510007087259764-MECHANIC.mp4
199,train,3,BITE1,7930783697543875-BITE.mp4
200,train,5,CHRISTMAS1,7112238068469356-CHRISTMAS.mp4
201,train,19,WHATFOR1,9161417844146778-WHAT FOR.mp4
202,train,0,BASKETBALL1,6932089918973738-BASKETBALL.mp4
203,train,2,BELT1,47729274707136926-BELT.mp4
204,train,14,MOVIE1,01618345574751645-MOVIE.mp4
205,train,16,PATIENT2,156048761492376-PATIENT 2.mp4
206,train,10,FINE1,25876877817363897-FINE.mp4
207,train,12,HOSPITAL1,7710150320331248-HOSPITAL.mp4
208,train,11,FOREIGNER1,5021140202543803-FOREIGNER.mp4
209,train,7,DEMAND1,12459815115793105-DEMAND.mp4
210,train,6,DEAF1,6965626273607881-DEAF.mp4
211,train,17,ROCKINGCHAIR1,5986176956343745-ROCKING CHAIR.mp4
212,train,15,PARTY1,03026114093129073-PARTY.mp4
213,train,4,BREAKFAST1,7717758625736204-BREAKFAST.mp4
214,train,19,WHATFOR1,00930662603221255-WHAT FOR.mp4
215,train,1,BEE1,43108734392133496-BEE.mp4
216,train,14,MOVIE1,5731083020752685-MOVIE.mp4
217,train,4,BREAKFAST1,11620283852289393-BREAKFAST.mp4
218,train,9,EAT1,6012215303497841-EAT.mp4
219,train,8,DOG1,8968665480794054-DOG.mp4
220,train,6,DEAF1,07152092969372692-DEAF.mp4
221,train,17,ROCKINGCHAIR1,8026843611798065-ROCKING CHAIR.mp4
222,train,15,PARTY1,08026755207695424-PARTY.mp4
223,train,5,CHRISTMAS1,28796458154900484-CHRISTMAS.mp4
224,train,3,BITE1,4421617890681646-BITE.mp4
225,train,4,BREAKFAST1,673373289755502-BREAKFAST.mp4
226,train,4,BREAKFAST1,7190654182684957-BREAKFAST.mp4
227,train,0,BASKETBALL1,9779859866933089-BASKETBALL.mp4
228,train,9,EAT1,1529448369800237-EAT.mp4
229,train,8,DOG1,19708892618191043-DOG.mp4
230,train,1,BEE1,7191875149344338-BEE.mp4
231,train,16,PATIENT2,20862549367836358-PATIENT 2.mp4
232,train,10,FINE1,25054375657147543-FINE.mp4
233,train,7,DEMAND1,5731274651683624-DEMAND.mp4
234,train,15,PARTY1,1920154326917336-PARTY.mp4
235,train,13,MECHANIC1,9531505463969152-MECHANIC.mp4
236,train,13,MECHANIC1,6141986774022818-MECHANIC.mp4
237,train,16,PATIENT2,8021876243139208-PATIENT 2.mp4
238,train,10,FINE1,4628635692123535-FINE.mp4
239,train,12,HOSPITAL1,2305871847828358-HOSPITAL.mp4
240,train,11,FOREIGNER1,4284758945375631-FOREIGNER.mp4
241,train,7,DEMAND1,34668296948798183-DEMAND.mp4
242,train,5,CHRISTMAS1,5236921590375474-CHRISTMAS.mp4
243,train,3,BITE1,0809837582284374-BITE.mp4
244,train,19,WHATFOR1,6487978531836534-WHAT FOR.mp4
245,train,0,BASKETBALL1,792719481166883-BASKETBALL.mp4
246,train,9,EAT1,6460191084812579-EAT.mp4
247,train,8,DOG1,5971633862957073-DOG.mp4
248,train,1,BEE1,3952758889037944-BEE.mp4
249,train,18,SHAVE1,6358718990574153-SHAVE.mp4
250,train,7,DEMAND1,7058274057646567-DEMAND.mp4
251,train,6,DEAF1,42295410903451014-DEAF.mp4
252,train,17,ROCKINGCHAIR1,5492001682449854-ROCKING CHAIR.mp4
253,train,15,PARTY1,40792529048221704-PARTY.mp4
254,train,5,CHRISTMAS1,8524812424490236-CHRISTMAS.mp4
255,train,15,PARTY1,4044296872971618-PARTY.mp4
256,train,3,BITE1,49570070972691926-BITE.mp4
257,train,9,EAT1,5739215722518052-EAT.mp4
258,train,8,DOG1,10681327535287743-DOG.mp4
259,train,1,BEE1,14438905359266485-BEE.mp4
260,train,18,SHAVE1,9608839995774701-SHAVE.mp4
261,train,2,BELT1,6922856844053422-BELT.mp4
262,train,14,MOVIE1,23267647474202025-MOVIE.mp4
263,train,2,BELT1,9136010744854282-BELT.mp4
264,train,14,MOVIE1,5584574238167699-MOVIE.mp4
265,train,16,PATIENT2,30041838358250494-PATIENT 2.mp4
266,train,10,FINE1,7640530642772754-FINE.mp4
267,train,12,HOSPITAL1,8842873768781858-HOSPITAL.mp4
268,train,11,FOREIGNER1,7089071856116709-FOREIGNER.mp4
269,train,7,DEMAND1,9079367190714687-DEMAND.mp4
270,train,6,DEAF1,055902509113725074-DEAF.mp4
271,train,17,ROCKINGCHAIR1,5042531009269806-ROCKING CHAIR.mp4
272,train,4,BREAKFAST1,9874048308425818-BREAKFAST.mp4
273,train,16,PATIENT2,6491857817064066-PATIENT 2.mp4
274,train,10,FINE1,3947368501065438-FINE.mp4
275,train,12,HOSPITAL1,5903218158401913-HOSPITAL.mp4
276,train,11,FOREIGNER1,8960229746380899-FOREIGNER.mp4
277,train,4,BREAKFAST1,6612790222940697-BREAKFAST.mp4
278,train,13,MECHANIC1,4328181527879751-MECHANIC.mp4
279,train,3,BITE1,9698494742507662-BITE.mp4
280,train,19,WHATFOR1,5018615351143276-WHAT FOR.mp4
281,train,0,BASKETBALL1,060562031925950555-BASKETBALL.mp4
282,train,9,EAT1,31477726769914227-EAT.mp4
283,train,8,DOG1,6099821247676596-DOG.mp4
284,train,1,BEE1,5581925189578962-BEE.mp4
285,train,18,SHAVE1,024686747009617704-SHAVE.mp4
286,train,7,DEMAND1,938255370696083-DEMAND.mp4
287,train,6,DEAF1,942544967818546-DEAF.mp4
288,train,17,ROCKINGCHAIR1,22613792725288917-ROCKING CHAIR.mp4
289,train,15,PARTY1,3387567228340116-PARTY.mp4
290,train,5,CHRISTMAS1,977934944886232-CHRISTMAS.mp4
291,train,2,BELT1,556637926515527-BELT.mp4
292,train,14,MOVIE1,5207859422105063-MOVIE.mp4
293,train,16,PATIENT2,6908477668258302-PATIENT 2.mp4
294,train,10,FINE1,07214322840682375-FINE.mp4
295,train,12,HOSPITAL1,3284942530084891-HOSPITAL.mp4
296,train,11,FOREIGNER1,2954944357497291-FOREIGNER.mp4
297,train,4,BREAKFAST1,8834432953494791-BREAKFAST.mp4
298,train,3,BITE1,2296487888208607-BITE.mp4
299,train,5,CHRISTMAS1,7384969907159962-CHRISTMAS.mp4
300,train,9,EAT1,7468673870660452-EAT.mp4
301,train,8,DOG1,5465905150307049-DOG.mp4
302,train,1,BEE1,5651369382000921-BEE.mp4
303,train,13,MECHANIC1,9967291464794519-MECHANIC.mp4
304,train,3,BITE1,4417785007556263-BITE.mp4
305,train,19,WHATFOR1,690133837226921-WHAT FOR.mp4
306,train,0,BASKETBALL1,08361669746584477-BASKETBALL.mp4
307,train,9,EAT1,8267242257825924-EAT.mp4
308,train,8,DOG1,5658200184939948-DOG.mp4
309,train,18,SHAVE1,8142911299463536-SHAVE.mp4
310,train,2,BELT1,5159109497315042-BELT.mp4
311,train,14,MOVIE1,6334594569512548-MOVIE.mp4
312,train,16,PATIENT2,3108578299019191-PATIENT 2.mp4
313,train,10,FINE1,5494204143000812-FINE.mp4
314,train,12,HOSPITAL1,2816314098780288-HOSPITAL.mp4
315,train,11,FOREIGNER1,43079432751688973-FOREIGNER.mp4
316,train,7,DEMAND1,24592306415515508-DEMAND.mp4
317,train,6,DEAF1,93340344109002-DEAF.mp4
318,train,17,ROCKINGCHAIR1,932328312254997-ROCKING CHAIR.mp4
319,train,15,PARTY1,26521170494987056-PARTY.mp4
320,train,4,BREAKFAST1,9079761640862873-BREAKFAST.mp4
321,train,5,CHRISTMAS1,17115461223895578-CHRISTMAS.mp4
322,train,19,WHATFOR1,9697621013006055-WHAT FOR.mp4
323,train,0,BASKETBALL1,06003899001497115-BASKETBALL.mp4
324,train,9,EAT1,7327271470470507-EAT.mp4
325,train,8,DOG1,9941614592907033-DOG.mp4
326,train,1,BEE1,21912688008400893-BEE.mp4
327,train,13,MECHANIC1,6328025695667769-MECHANIC.mp4
328,train,3,BITE1,06233162587166352-BITE.mp4
329,train,3,BITE1,7521410930309249-BITE.mp4
330,train,2,BELT1,8980779876724378-BELT.mp4
331,train,14,MOVIE1,3330052248503623-MOVIE.mp4
332,train,7,DEMAND1,44313855852792283-DEMAND.mp4
333,train,6,DEAF1,1672648144513147-DEAF.mp4
334,train,17,ROCKINGCHAIR1,9596563070505133-ROCKING CHAIR.mp4
335,train,15,PARTY1,8911332562413585-PARTY.mp4
336,train,18,SHAVE1,11796142734861181-SHAVE.mp4
337,train,5,CHRISTMAS1,7269090914334628-CHRISTMAS.mp4
338,train,19,WHATFOR1,82063651021682-WHAT FOR.mp4
339,train,0,BASKETBALL1,3597275294574689-BASKETBALL.mp4
340,train,19,WHATFOR1,7237982608932096-WHAT FOR.mp4
341,train,18,SHAVE1,09389404362002685-SHAVE.mp4
342,train,16,PATIENT2,2104592581752449-PATIENT 2.mp4
343,train,10,FINE1,9399917763577323-FINE.mp4
344,train,12,HOSPITAL1,2657292811841865-HOSPITAL.mp4
345,train,11,FOREIGNER1,1974405263263037-FOREIGNER.mp4
346,train,4,BREAKFAST1,48007352992952-BREAKFAST.mp4
347,train,2,BELT1,6179305716203018-BELT.mp4
348,train,14,MOVIE1,9362120268808787-MOVIE.mp4
349,train,9,EAT1,30148795754394175-EAT.mp4
350,train,8,DOG1,635034042192421-DOG.mp4
351,train,1,BEE1,6300556831725792-BEE.mp4
352,train,13,MECHANIC1,17852423092027392-MECHANIC.mp4
353,train,16,PATIENT2,9615504393064633-PATIENT 2.mp4
354,train,10,FINE1,19866027442823042-FINE.mp4
355,train,7,DEMAND1,2015416430284751-DEMAND.mp4
356,train,6,DEAF1,33243997680017356-DEAF.mp4
357,train,17,ROCKINGCHAIR1,8135393498777186-ROCKING CHAIR.mp4
358,train,15,PARTY1,11071918787667867-PARTY.mp4
359,train,2,BELT1,4180449729122828-BELT.mp4
360,train,14,MOVIE1,617623803436806-MOVIE.mp4
361,train,12,HOSPITAL1,9543121609158431-HOSPITAL.mp4
362,train,11,FOREIGNER1,8014187995376758-FOREIGNER.mp4
363,train,19,WHATFOR1,6812813050541653-WHAT FOR.mp4
364,train,0,BASKETBALL1,6355598616436169-BASKETBALL.mp4
365,train,6,DEAF1,068296817498531-DEAF.mp4
366,train,17,ROCKINGCHAIR1,20348034438920393-ROCKING CHAIR.mp4
367,train,18,SHAVE1,4573359272153992-SHAVE.mp4
368,train,13,MECHANIC1,7219831406702091-MECHANIC.mp4
369,train,19,WHATFOR1,06420577246436587-seedWHAT FOR.mp4
370,train,0,BASKETBALL1,9432574110287932-seedBASKETBALL.mp4
371,train,9,EAT1,36220708618174635-seedEAT.mp4
372,train,8,DOG1,07147588203074418-seedDOG.mp4
373,train,1,BEE1,8767360648272802-seedBEE.mp4
374,train,18,SHAVE1,44078360721531107-seedSHAVE.mp4
375,train,13,MECHANIC1,9585084843836347-seedMECHANIC.mp4
376,train,2,BELT1,9695083719808497-seedBELT.mp4
377,train,14,MOVIE1,5657901452823273-seedMOVIE.mp4
378,train,16,PATIENT2,14322213163115816-seedPATIENT 2.mp4
379,train,10,FINE1,4099076842496614-seedFINE.mp4
380,train,12,HOSPITAL1,3047646844363199-seedHOSPITAL.mp4
381,train,11,FOREIGNER1,7421440804894195-seedFOREIGNER.mp4
382,train,7,DEMAND1,0339499353548296-seedDEMAND.mp4
383,train,6,DEAF1,14313239983235881-seedDEAF.mp4
384,train,17,ROCKINGCHAIR1,6870028922807807-seedROCKING CHAIR.mp4
385,train,15,PARTY1,11778385591447016-seedPARTY.mp4
386,train,4,BREAKFAST1,46759546883406-seedBREAKFAST.mp4
387,train,5,CHRISTMAS1,09209428894276295-seedCHRISTMAS.mp4
388,train,3,BITE1,11394574978746519-seedBITE.mp4
0,val,19,WHATFOR1,6523145816470133-WHAT FOR.mp4
1,val,0,BASKETBALL1,8423017864044668-BASKETBALL.mp4
2,val,9,EAT1,744008724339543-EAT.mp4
3,val,8,DOG1,799770954333842-DOG.mp4
4,val,1,BEE1,844429155260962-BEE.mp4
5,val,19,WHATFOR1,06408604416165864-WHAT FOR.mp4
6,val,18,SHAVE1,6961575623504714-SHAVE.mp4
7,val,18,SHAVE1,3423044704100937-SHAVE.mp4
8,val,16,PATIENT2,06585822033156608-PATIENT 2.mp4
9,val,10,FINE1,006951411960890663-FINE.mp4
10,val,12,HOSPITAL1,03617049378353854-HOSPITAL.mp4
11,val,11,FOREIGNER1,9807434252985743-FOREIGNER.mp4
12,val,14,MOVIE1,39474504957896217-MOVIE.mp4
13,val,7,DEMAND1,2642023468678638-DEMAND.mp4
14,val,6,DEAF1,4095802504728605-DEAF.mp4
15,val,17,ROCKINGCHAIR1,6050297960065525-ROCKING CHAIR.mp4
16,val,15,PARTY1,878457250310533-PARTY.mp4
17,val,1,BEE1,9643359504766531-BEE.mp4
18,val,1,BEE1,8230215745582212-BEE.mp4
19,val,3,BITE1,4676918363461027-BITE.mp4
20,val,19,WHATFOR1,6142521746642153-WHAT FOR.mp4
21,val,0,BASKETBALL1,1745452785017827-BASKETBALL.mp4
22,val,9,EAT1,0392835216734122-EAT.mp4
23,val,8,DOG1,5579456931257181-DOG.mp4
24,val,1,BEE1,5158284296267106-BEE.mp4
25,val,14,MOVIE1,671764401941833-MOVIE.mp4
26,val,16,PATIENT2,9858541230690814-PATIENT 2.mp4
27,val,10,FINE1,2518011428400748-FINE.mp4
28,val,7,DEMAND1,9075316768566033-DEMAND.mp4
29,val,6,DEAF1,7371501507543785-DEAF.mp4
30,val,17,ROCKINGCHAIR1,6414524542629407-ROCKING CHAIR.mp4
31,val,15,PARTY1,006918970578539518-PARTY.mp4
32,val,4,BREAKFAST1,14432206279699766-BREAKFAST.mp4
33,val,2,BELT1,3366479979360135-BELT.mp4
34,val,12,HOSPITAL1,8877316023603796-HOSPITAL.mp4
35,val,11,FOREIGNER1,97908567239402-FOREIGNER.mp4
36,val,5,CHRISTMAS1,3083751353834234-CHRISTMAS.mp4
37,val,18,SHAVE1,021193533049441937-SHAVE.mp4
38,val,13,MECHANIC1,7355641552290353-MECHANIC.mp4
39,val,9,EAT1,009883456113471967-EAT.mp4
40,val,8,DOG1,15011820658062458-DOG.mp4
41,val,1,BEE1,6987156871330971-BEE.mp4
42,val,16,PATIENT2,742862485879747-PATIENT 2.mp4
43,val,10,FINE1,6440242014287687-FINE.mp4
44,val,12,HOSPITAL1,5851960225980641-HOSPITAL.mp4
45,val,11,FOREIGNER1,7028620841319688-FOREIGNER.mp4
46,val,7,DEMAND1,38148520825309884-DEMAND.mp4
47,val,3,BITE1,5000642478362116-BITE.mp4
48,val,19,WHATFOR1,0283886564670357-WHAT FOR.mp4
49,val,0,BASKETBALL1,6251993314243527-BASKETBALL.mp4
50,val,14,MOVIE1,5535338426456671-MOVIE.mp4
51,val,6,DEAF1,3952172347699263-DEAF.mp4
52,val,17,ROCKINGCHAIR1,8563899734807414-ROCKING CHAIR.mp4
53,val,15,PARTY1,6496108914533325-PARTY.mp4
54,val,5,CHRISTMAS1,09218202765587935-CHRISTMAS.mp4
55,val,18,SHAVE1,3159241677201454-SHAVE.mp4
56,val,13,MECHANIC1,051718892767815605-MECHANIC.mp4
57,val,2,BELT1,9465582990654366-BELT.mp4
58,val,4,BREAKFAST1,8819212316360505-BREAKFAST.mp4
59,val,3,BITE1,5467156859776472-BITE.mp4
60,val,5,CHRISTMAS1,4795385785073052-CHRISTMAS.mp4
61,val,3,BITE1,2553554139053429-BITE.mp4
62,val,13,MECHANIC1,424117143455232-MECHANIC.mp4
63,val,2,BELT1,3410444103291186-BELT.mp4
64,val,14,MOVIE1,2838376949179944-MOVIE.mp4
65,val,18,SHAVE1,6416983573445294-SHAVE.mp4
66,val,7,DEMAND1,270077213177649-DEMAND.mp4
67,val,6,DEAF1,5601659028098682-DEAF.mp4
68,val,17,ROCKINGCHAIR1,9826258167906428-ROCKING CHAIR.mp4
69,val,15,PARTY1,29398177566155903-PARTY.mp4
70,val,19,WHATFOR1,032677896012150764-WHAT FOR.mp4
71,val,0,BASKETBALL1,6152714959604932-BASKETBALL.mp4
72,val,1,BEE1,4596375275135087-BEE.mp4
73,val,16,PATIENT2,08197479357139326-PATIENT 2.mp4
74,val,10,FINE1,011916793918304025-FINE.mp4
75,val,12,HOSPITAL1,28791918942913153-HOSPITAL.mp4
76,val,11,FOREIGNER1,08953386810820474-FOREIGNER.mp4
77,val,4,BREAKFAST1,9457442522528487-BREAKFAST.mp4
78,val,9,EAT1,8779902440064791-EAT.mp4
79,val,8,DOG1,5208069588201667-DOG.mp4
80,val,0,BASKETBALL1,9474917526716478-BASKETBALL.mp4
0,test,19,WHATFOR1,9684934734400592-WHAT FOR.mp4
1,test,18,SHAVE1,45913985094539034-SHAVE.mp4
2,test,13,MECHANIC1,3248125439606664-MECHANIC.mp4
3,test,2,BELT1,492085987654973-BELT.mp4
4,test,14,MOVIE1,8229673832022837-MOVIE.mp4
5,test,9,EAT1,7910128481289247-EAT.mp4
6,test,19,WHATFOR1,2748457214117681-WHAT FOR.mp4
7,test,0,BASKETBALL1,9644274787195919-BASKETBALL.mp4
8,test,9,EAT1,4641646458517976-EAT.mp4
9,test,8,DOG1,8431311301031601-DOG.mp4
10,test,1,BEE1,5892785858379128-BEE.mp4
11,test,0,BASKETBALL1,5552456698729644-BASKETBALL.mp4
12,test,6,DEAF1,7322377994548119-DEAF.mp4
13,test,17,ROCKINGCHAIR1,0023118276702314144-ROCKING CHAIR.mp4
14,test,15,PARTY1,207441560328397-PARTY.mp4
15,test,4,BREAKFAST1,42918137348904106-BREAKFAST.mp4
16,test,8,DOG1,41235392187392317-DOG.mp4
17,test,7,DEMAND1,20426405054980679-DEMAND.mp4
18,test,11,FOREIGNER1,8157940154781618-FOREIGNER.mp4
19,test,19,WHATFOR1,6734748834983595-WHAT FOR.mp4
20,test,16,PATIENT2,1363777633602654-PATIENT 2.mp4
21,test,2,BELT1,11143309153181202-BELT.mp4
22,test,12,HOSPITAL1,7174661485702265-HOSPITAL.mp4
23,test,0,BASKETBALL1,9065308331231714-BASKETBALL.mp4
24,test,19,WHATFOR1,5702632225441844-WHAT FOR.mp4
25,test,16,PATIENT2,6666081222424158-PATIENT 2.mp4
26,test,2,BELT1,06963511027625535-BELT.mp4
27,test,12,HOSPITAL1,7768078843171742-HOSPITAL.mp4
28,test,0,BASKETBALL1,5064940376290201-BASKETBALL.mp4
29,test,3,BITE1,07934406900594504-BITE.mp4
30,test,0,BASKETBALL1,34361513389950504-BASKETBALL.mp4
31,test,19,WHATFOR1,41953269936944704-WHAT FOR.mp4
32,test,18,SHAVE1,37779347947817365-SHAVE.mp4
33,test,13,MECHANIC1,5906701504536866-MECHANIC.mp4
34,test,19,WHATFOR1,8630644173768907-WHAT FOR.mp4
35,test,18,SHAVE1,4608324102845509-SHAVE.mp4
36,test,13,MECHANIC1,0947826036924726-MECHANIC.mp4
37,test,2,BELT1,2315323333566508-BELT.mp4
38,test,14,MOVIE1,5226943306928418-MOVIE.mp4
39,test,9,EAT1,7291224290785421-EAT.mp4
40,test,18,SHAVE1,5887689273566759-SHAVE.mp4
41,test,16,PATIENT2,12023037948163728-PATIENT 2.mp4
42,test,10,FINE1,7550465099881678-FINE.mp4
43,test,2,BELT1,6211118727857166-BELT.mp4
44,test,12,HOSPITAL1,7921373203371331-HOSPITAL.mp4
45,test,14,MOVIE1,5121733417075109-MOVIE.mp4
46,test,14,MOVIE1,1947352203225916-MOVIE.mp4
47,test,9,EAT1,7640667133656183-EAT.mp4
48,test,7,DEMAND1,7748116694645926-DEMAND.mp4
49,test,18,SHAVE1,3588759801071051-SHAVE.mp4
50,test,16,PATIENT2,5012834035926363-PATIENT 2.mp4
51,test,10,FINE1,946484904568228-FINE.mp4
52,test,0,BASKETBALL1,33282959086389163-BASKETBALL.mp4
53,test,10,FINE1,3827741794247175-FINE.mp4
54,test,5,CHRISTMAS1,5558682901171175-CHRISTMAS.mp4
55,test,13,MECHANIC1,6423047538549398-MECHANIC.mp4
56,test,15,PARTY1,5215173009286387-PARTY.mp4
57,test,5,CHRISTMAS1,2785006981104641-CHRISTMAS.mp4
58,test,9,EAT1,41461171624603455-EAT.mp4
59,test,8,DOG1,4212999001602742-DOG.mp4
60,test,5,CHRISTMAS1,5394208220179677-CHRISTMAS.mp4
61,test,8,DOG1,6727498378915875-DOG.mp4
62,test,8,DOG1,5202332177126394-DOG.mp4
63,test,3,BITE1,14277024832132956-BITE.mp4
64,test,3,BITE1,5847209256499839-BITE.mp4
65,test,1,BEE1,38509618638272336-BEE.mp4
66,test,10,FINE1,5817524945804566-FINE.mp4
67,test,19,WHATFOR1,06612660137871473-WHAT FOR.mp4
68,test,12,HOSPITAL1,997878459075781-HOSPITAL.mp4
69,test,11,FOREIGNER1,15643976576715013-FOREIGNER.mp4
70,test,1,BEE1,8213731556192359-BEE.mp4
71,test,14,MOVIE1,04861503641767739-MOVIE.mp4
72,test,7,DEMAND1,2802613713529949-DEMAND.mp4
73,test,4,BREAKFAST1,4687291565864429-BREAKFAST.mp4
74,test,8,DOG1,5728474852441685-DOG.mp4
75,test,11,FOREIGNER1,3488944460737071-FOREIGNER.mp4
76,test,4,BREAKFAST1,9270005186325547-BREAKFAST.mp4
77,test,8,DOG1,005082179049994862-DOG.mp4
78,test,11,FOREIGNER1,14027199560866777-FOREIGNER.mp4
79,test,1,BEE1,6668478250820946-BEE.mp4
80,test,0,BASKETBALL1,05043302933121163-BASKETBALL.mp4
81,test,17,ROCKINGCHAIR1,1788481433923017-ROCKING CHAIR.mp4
82,test,4,BREAKFAST1,33461934284349804-BREAKFAST.mp4
83,test,6,DEAF1,8245190559451223-DEAF.mp4
84,test,5,CHRISTMAS1,8261090780466458-CHRISTMAS.mp4
85,test,0,BASKETBALL1,8275784411364397-BASKETBALL.mp4
86,test,9,EAT1,13884914336494525-EAT.mp4
87,test,8,DOG1,030041311574118934-DOG.mp4
88,test,3,BITE1,45986851425089204-BITE.mp4
89,test,10,FINE1,5393407731733888-FINE.mp4
90,test,12,HOSPITAL1,35176220038590755-HOSPITAL.mp4
91,test,11,FOREIGNER1,92066843291958-FOREIGNER.mp4
92,test,14,MOVIE1,6160810516504218-MOVIE.mp4
93,test,7,DEMAND1,45888619089929517-DEMAND.mp4
94,test,19,WHATFOR1,5370182591161741-WHAT FOR.mp4
95,test,18,SHAVE1,17278884781423343-SHAVE.mp4
96,test,16,PATIENT2,09033463994461477-PATIENT 2.mp4
97,test,6,DEAF1,8849383543656688-DEAF.mp4
98,test,17,ROCKINGCHAIR1,2025895270570035-ROCKING CHAIR.mp4
99,test,15,PARTY1,38957148560325083-PARTY.mp4
100,test,7,DEMAND1,526359722774836-DEMAND.mp4
101,test,1,BEE1,8516300740853042-BEE.mp4
102,test,17,ROCKINGCHAIR1,32112966532244824-ROCKING CHAIR.mp4
103,test,4,BREAKFAST1,563777812862887-BREAKFAST.mp4
104,test,6,DEAF1,9319298873644923-DEAF.mp4
105,test,16,PATIENT2,8018890964087735-PATIENT 2.mp4
106,test,2,BELT1,3738697090568506-BELT.mp4
107,test,1,BEE1,1569354789631634-BEE.mp4
108,test,12,HOSPITAL1,6078879576003486-HOSPITAL.mp4
109,test,0,BASKETBALL1,634367181659016-BASKETBALL.mp4
110,test,5,CHRISTMAS1,8678771202167297-CHRISTMAS.mp4
111,test,13,MECHANIC1,13534022403534518-MECHANIC.mp4
112,test,15,PARTY1,90400972567156-PARTY.mp4
113,test,8,DOG1,5470805439006985-DOG.mp4
114,test,3,BITE1,6414342540777798-BITE.mp4
115,test,2,BELT1,7847160428079492-BELT.mp4
116,test,14,MOVIE1,14609763859933667-MOVIE.mp4
117,test,9,EAT1,5672396093022622-EAT.mp4
118,test,0,BASKETBALL1,57337857006252-BASKETBALL.mp4
119,test,5,CHRISTMAS1,17038039956073114-CHRISTMAS.mp4
120,test,17,ROCKINGCHAIR1,5566665370119497-ROCKING CHAIR.mp4
121,test,4,BREAKFAST1,28134096069176584-BREAKFAST.mp4
122,test,6,DEAF1,1384893971212695-DEAF.mp4
123,test,19,WHATFOR1,3448123355846451-WHAT FOR.mp4
124,test,0,BASKETBALL1,02127544513426116-BASKETBALL.mp4
125,test,9,EAT1,5882347360908131-EAT.mp4
126,test,8,DOG1,1605799239700627-DOG.mp4
127,test,6,DEAF1,2149343960761707-DEAF.mp4
128,test,17,ROCKINGCHAIR1,2573922405417379-ROCKING CHAIR.mp4
129,test,15,PARTY1,9144883427773998-PARTY.mp4
130,test,10,FINE1,7839604835224319-FINE.mp4
131,test,5,CHRISTMAS1,35316683899465295-CHRISTMAS.mp4
132,test,13,MECHANIC1,6172166711658931-MECHANIC.mp4
133,test,15,PARTY1,2174842546480229-PARTY.mp4
134,test,13,MECHANIC1,6077910640818238-MECHANIC.mp4
135,test,2,BELT1,9587129815323401-BELT.mp4
136,test,14,MOVIE1,8200377897293458-MOVIE.mp4
137,test,9,EAT1,4524158338314277-EAT.mp4
138,test,18,SHAVE1,5403299092715226-SHAVE.mp4
139,test,16,PATIENT2,7677851426600801-PATIENT 2.mp4
140,test,10,FINE1,5298380938535534-FINE.mp4
141,test,3,BITE1,7432967051023693-BITE.mp4
142,test,9,EAT1,8917441625336839-EAT.mp4
143,test,1,BEE1,7498872458583166-BEE.mp4
144,test,5,CHRISTMAS1,8501969990365725-CHRISTMAS.mp4
145,test,19,WHATFOR1,032824561194411794-WHAT FOR.mp4
146,test,0,BASKETBALL1,04962514019781339-BASKETBALL.mp4
147,test,13,MECHANIC1,010316615814611296-MECHANIC.mp4
148,test,2,BELT1,4498615325207542-BELT.mp4
149,test,14,MOVIE1,13569759120554248-MOVIE.mp4
150,test,16,PATIENT2,6875103299181073-PATIENT 2.mp4
151,test,10,FINE1,8329988968480724-FINE.mp4
152,test,12,HOSPITAL1,513048409174413-HOSPITAL.mp4
153,test,11,FOREIGNER1,7337751955351213-FOREIGNER.mp4
154,test,7,DEMAND1,6276722794259124-DEMAND.mp4
155,test,6,DEAF1,21166353600430976-DEAF.mp4
156,test,17,ROCKINGCHAIR1,7357989142241634-ROCKING CHAIR.mp4
157,test,15,PARTY1,8620738487316586-PARTY.mp4
158,test,4,BREAKFAST1,46599236593717674-BREAKFAST.mp4
159,test,3,BITE1,09399513672720006-BITE.mp4
160,test,19,WHATFOR1,17686505303084354-WHAT FOR.mp4
161,test,0,BASKETBALL1,5248742066900234-BASKETBALL.mp4
162,test,9,EAT1,40193405478785693-EAT.mp4
163,test,8,DOG1,9692444989436564-DOG.mp4
164,test,1,BEE1,2914633345775546-BEE.mp4
165,test,18,SHAVE1,566521815318118-SHAVE.mp4
166,test,19,WHATFOR1,540014801916062-WHAT FOR.mp4
167,test,0,BASKETBALL1,4747623892063422-BASKETBALL.mp4
168,test,13,MECHANIC1,3525196896278959-MECHANIC.mp4
169,test,2,BELT1,6026165473646816-BELT.mp4
170,test,14,MOVIE1,34468622946102623-MOVIE.mp4
171,test,16,PATIENT2,07616529311429576-PATIENT 2.mp4
172,test,10,FINE1,12191689555814977-FINE.mp4
173,test,12,HOSPITAL1,29975883523571745-HOSPITAL.mp4
174,test,11,FOREIGNER1,9800204067006966-FOREIGNER.mp4
175,test,7,DEMAND1,5600796543348407-DEMAND.mp4
176,test,6,DEAF1,14415908988995363-DEAF.mp4
177,test,16,PATIENT2,3084937742369156-PATIENT 2.mp4
178,test,7,DEMAND1,6273685058060641-DEMAND.mp4
179,test,6,DEAF1,09902338777880337-DEAF.mp4
180,test,17,ROCKINGCHAIR1,12994023662032128-ROCKING CHAIR.mp4
181,test,15,PARTY1,9562607239525267-PARTY.mp4
182,test,7,DEMAND1,2674371379182767-DEMAND.mp4
183,test,6,DEAF1,7728056611070833-DEAF.mp4
184,test,17,ROCKINGCHAIR1,30225378097580125-ROCKING CHAIR.mp4
185,test,15,PARTY1,4616676154433652-PARTY.mp4
186,test,4,BREAKFAST1,8416313533480644-BREAKFAST.mp4
187,test,4,BREAKFAST1,7013706523131213-BREAKFAST.mp4
188,test,4,BREAKFAST1,2579055880076111-BREAKFAST.mp4
189,test,5,CHRISTMAS1,4020488388530914-CHRISTMAS.mp4
190,test,3,BITE1,47018728424793843-BITE.mp4
191,test,9,EAT1,25398273569443774-EAT.mp4
192,test,8,DOG1,04210263150660265-DOG.mp4
193,test,1,BEE1,3815838813702843-BEE.mp4
194,test,18,SHAVE1,4814760954431352-SHAVE.mp4
195,test,13,MECHANIC1,34489116206614145-MECHANIC.mp4
196,test,14,MOVIE1,4901663474918121-MOVIE.mp4
197,test,10,FINE1,3913088846381303-FINE.mp4
198,test,12,HOSPITAL1,16499691175444786-HOSPITAL.mp4
199,test,11,FOREIGNER1,7550837519145819-FOREIGNER.mp4
200,test,5,CHRISTMAS1,9402549662035897-CHRISTMAS.mp4
201,test,17,ROCKINGCHAIR1,2822381131246865-ROCKING CHAIR.mp4
202,test,15,PARTY1,8706611505389534-PARTY.mp4
203,test,2,BELT1,7060749578849994-BELT.mp4
204,test,12,HOSPITAL1,4315957172962892-HOSPITAL.mp4
205,test,11,FOREIGNER1,5170058285304073-FOREIGNER.mp4
206,test,19,WHATFOR1,034046510887022485-WHAT FOR.mp4
207,test,0,BASKETBALL1,7029845806718837-BASKETBALL.mp4
208,test,12,HOSPITAL1,0391236078587216-HOSPITAL.mp4
209,test,11,FOREIGNER1,9468513900311404-FOREIGNER.mp4
210,test,3,BITE1,024568947527517704-BITE.mp4
211,test,3,BITE1,9492151554510415-BITE.mp4
212,test,9,EAT1,550827298682977-EAT.mp4
213,test,8,DOG1,9216989955416042-DOG.mp4
214,test,1,BEE1,502201060238753-BEE.mp4
215,test,18,SHAVE1,9572472020825835-SHAVE.mp4
216,test,13,MECHANIC1,3864758318565873-MECHANIC.mp4
217,test,2,BELT1,7989555282313261-BELT.mp4
218,test,14,MOVIE1,5566179200601824-MOVIE.mp4
219,test,16,PATIENT2,7705091690611687-PATIENT 2.mp4
220,test,10,FINE1,6478807707974723-FINE.mp4
221,test,16,PATIENT2,9723039986971633-PATIENT 2.mp4
222,test,10,FINE1,17156030645430365-FINE.mp4
223,test,10,FINE1,28357839470280455-FINE.mp4
224,test,5,CHRISTMAS1,509001950816405-CHRISTMAS.mp4
225,test,19,WHATFOR1,8871292164581093-WHAT FOR.mp4
226,test,0,BASKETBALL1,019113149258163764-BASKETBALL.mp4
227,test,9,EAT1,6239284754747361-EAT.mp4
228,test,8,DOG1,4706517730637263-DOG.mp4
229,test,1,BEE1,5750761361796157-BEE.mp4
230,test,18,SHAVE1,488841421007149-SHAVE.mp4
231,test,7,DEMAND1,16316092023770867-DEMAND.mp4
232,test,6,DEAF1,8622441304805439-DEAF.mp4
233,test,17,ROCKINGCHAIR1,23578187279282958-ROCKING CHAIR.mp4
234,test,15,PARTY1,3645189890366596-PARTY.mp4
235,test,13,MECHANIC1,9119691570534749-MECHANIC.mp4
236,test,4,BREAKFAST1,9163224794037794-BREAKFAST.mp4
237,test,2,BELT1,24920929967311678-BELT.mp4
238,test,14,MOVIE1,6018953253350048-MOVIE.mp4
239,test,3,BITE1,621774538662446-BITE.mp4
240,test,12,HOSPITAL1,08795608187591553-HOSPITAL.mp4
241,test,11,FOREIGNER1,42910160606938996-FOREIGNER.mp4
242,test,7,DEMAND1,2875856489071946-DEMAND.mp4
243,test,6,DEAF1,24393293337340283-DEAF.mp4
244,test,17,ROCKINGCHAIR1,6320406486835155-ROCKING CHAIR.mp4
245,test,15,PARTY1,7060264881379719-PARTY.mp4
246,test,4,BREAKFAST1,14585543673442425-BREAKFAST.mp4
247,test,5,CHRISTMAS1,247040303650079-CHRISTMAS.mp4
248,test,19,WHATFOR1,11542521046357379-WHAT FOR.mp4
249,test,0,BASKETBALL1,3908502639532043-BASKETBALL.mp4
250,test,5,CHRISTMAS1,016840075970754098-CHRISTMAS.mp4
251,test,12,HOSPITAL1,13051783303937703-HOSPITAL.mp4
252,test,11,FOREIGNER1,7915156766162783-FOREIGNER.mp4
253,test,18,SHAVE1,6621939724418062-SHAVE.mp4
254,test,13,MECHANIC1,3543899492627518-MECHANIC.mp4
255,test,2,BELT1,29728761142376525-BELT.mp4
256,test,19,WHATFOR1,9359050586202402-WHAT FOR.mp4
257,test,0,BASKETBALL1,06250679912910284-BASKETBALL.mp4
258,test,9,EAT1,5035301373430681-EAT.mp4
259,test,8,DOG1,9766513994870278-DOG.mp4
260,test,1,BEE1,3376905366477876-BEE.mp4
261,test,16,PATIENT2,4898001120466351-PATIENT 2.mp4
262,test,10,FINE1,2690912082374577-FINE.mp4
263,test,7,DEMAND1,2306174781353174-DEMAND.mp4
264,test,0,BASKETBALL1,8411356645660348-BASKETBALL.mp4
265,test,18,SHAVE1,4185420608277408-SHAVE.mp4
266,test,9,EAT1,7769434916738955-EAT.mp4
267,test,8,DOG1,5523823677466979-DOG.mp4
268,test,1,BEE1,3894755318059373-BEE.mp4
269,test,13,MECHANIC1,09975978509158434-MECHANIC.mp4
270,test,2,BELT1,7045049662687144-BELT.mp4
271,test,14,MOVIE1,5687999496701976-MOVIE.mp4
272,test,16,PATIENT2,9686543112536792-PATIENT 2.mp4
273,test,10,FINE1,6759197415113356-FINE.mp4
274,test,12,HOSPITAL1,36805542769003496-HOSPITAL.mp4
275,test,11,FOREIGNER1,5828053254147967-FOREIGNER.mp4
276,test,7,DEMAND1,6337587039102204-DEMAND.mp4
277,test,15,PARTY1,8075877619511098-PARTY.mp4
278,test,4,BREAKFAST1,8802640228118344-BREAKFAST.mp4
279,test,4,BREAKFAST1,8976315421586525-BREAKFAST.mp4
280,test,2,BELT1,9017949398961564-BELT.mp4
281,test,14,MOVIE1,8222455597738532-MOVIE.mp4
282,test,19,WHATFOR1,33051835760678294-WHAT FOR.mp4
283,test,12,HOSPITAL1,43142287081368647-HOSPITAL.mp4
284,test,11,FOREIGNER1,6980810863571851-FOREIGNER.mp4
285,test,18,SHAVE1,09709454810039175-SHAVE.mp4
286,test,13,MECHANIC1,9273260008144788-MECHANIC.mp4
287,test,0,BASKETBALL1,9248063910755118-BASKETBALL.mp4
288,test,9,EAT1,008533489727754251-EAT.mp4
289,test,8,DOG1,4440511235371951-DOG.mp4
290,test,1,BEE1,31395737777791566-BEE.mp4
291,test,6,DEAF1,34251957180053694-DEAF.mp4
292,test,17,ROCKINGCHAIR1,06530043158521814-ROCKING CHAIR.mp4
293,test,15,PARTY1,6137536629041125-PARTY.mp4
294,test,5,CHRISTMAS1,36610734380286125-CHRISTMAS.mp4
295,test,3,BITE1,7602627316216253-BITE.mp4
296,test,19,WHATFOR1,6491618764233542-WHAT FOR.mp4
297,test,18,SHAVE1,5911137084980156-SHAVE.mp4
298,test,6,DEAF1,4589398793876327-DEAF.mp4
299,test,17,ROCKINGCHAIR1,4196090672983519-ROCKING CHAIR.mp4
300,test,13,MECHANIC1,27673862220461576-MECHANIC.mp4
301,test,2,BELT1,9847098573163278-BELT.mp4
302,test,14,MOVIE1,31247413462954965-MOVIE.mp4
303,test,16,PATIENT2,7459707564383506-PATIENT 2.mp4
304,test,10,FINE1,5630437733218496-FINE.mp4
305,test,12,HOSPITAL1,8311298382278862-HOSPITAL.mp4
306,test,11,FOREIGNER1,27374535355988594-FOREIGNER.mp4
307,test,5,CHRISTMAS1,1788752230933155-CHRISTMAS.mp4
308,test,3,BITE1,9786578695730845-BITE.mp4
309,test,7,DEMAND1,6711864738832773-DEMAND.mp4
310,test,6,DEAF1,9742883685495938-DEAF.mp4
311,test,17,ROCKINGCHAIR1,23869069758976114-ROCKING CHAIR.mp4
312,test,15,PARTY1,6180460657605713-PARTY.mp4
313,test,5,CHRISTMAS1,784744238523525-CHRISTMAS.mp4
314,test,2,BELT1,46617283654386044-BELT.mp4
315,test,14,MOVIE1,8394838079742581-MOVIE.mp4
316,test,12,HOSPITAL1,3759922548209751-HOSPITAL.mp4
317,test,11,FOREIGNER1,16892882605368742-FOREIGNER.mp4
318,test,4,BREAKFAST1,9043040905145667-BREAKFAST.mp4
319,test,3,BITE1,6369165146385125-BITE.mp4
320,test,5,CHRISTMAS1,9402759992035279-CHRISTMAS.mp4
